barcode,name,category,unit,price_retail,price_bundle,bundle_qty,price_wholesale,wholesale_qty,cost_price,stock,min_stock,expiry_date
2009000000018,Beras Medium Curah,Sembako,kg,13500,13200,5,12850,25,11900,0,10,
2009000000025,Beras Premium Curah,Sembako,kg,15500,15150,5,14800,25,13650,0,10,
2009000000032,Beras Ketan Putih Curah,Sembako,kg,22000,21550,5,21000,25,19350,0,10,
8991001000019,Beras Pandan Wangi 5 kg,Sembako,pcs,78000,76800,2,75250,5,70200,0,3,
8991001000026,Beras Rojolele 5 kg,Sembako,pcs,82000,80750,2,79100,5,73800,0,3,
8991001000033,Beras Sania Premium 5 kg,Sembako,pcs,80000,78800,2,77200,5,72000,0,3,
8991001000040,Beras Topi Koki 5 kg,Sembako,pcs,79000,77800,2,76200,5,71100,0,3,
8991001000057,Beras SPHP Bulog 5 kg,Sembako,pcs,62500,61550,2,60300,5,56250,0,3,
8991001000064,Minyakita Minyak Goreng 1 L,Sembako,liter,15700,15450,6,15150,12,14150,0,6,
2009000000049,Minyak Goreng Curah,Sembako,liter,17000,16700,6,16400,12,15300,0,6,
8991001000071,Bimoli Minyak Goreng 1 L,Sembako,pcs,21000,20150,3,19300,12,17650,0,10,
8991001000088,Bimoli Minyak Goreng 2 L,Sembako,pcs,40500,38850,3,37250,12,34000,0,10,
8991001000095,Sania Minyak Goreng 1 L,Sembako,pcs,20000,19200,3,18400,12,16800,0,10,
8991001000101,Sania Minyak Goreng 2 L,Sembako,pcs,38500,36950,3,35400,12,32350,0,10,
8991001000118,Filma Minyak Goreng 2 L,Sembako,pcs,39500,37900,3,36300,12,33200,0,10,
8991001000125,Fortune Minyak Goreng 1 L,Sembako,pcs,19500,18700,3,17900,12,16400,0,10,
8991001000132,Fortune Minyak Goreng 2 L,Sembako,pcs,37500,36000,3,34500,12,31500,0,10,
8991001000149,Tropical Minyak Goreng 2 L,Sembako,pcs,39000,37400,3,35850,12,32750,0,10,
2009000000056,Gula Pasir Curah,Sembako,kg,17500,17150,5,16700,25,15400,0,10,
8991001000156,Gulaku Gula Pasir 1 kg,Sembako,pcs,18500,17750,3,17000,12,15550,0,10,
8991001000163,Rose Brand Gula Pasir 1 kg,Sembako,pcs,18000,17250,3,16550,12,15100,0,10,
2009000000063,Gula Merah Jawa,Sembako,kg,24000,23500,5,22900,25,21100,0,10,
2009000000070,Telur Ayam Negeri,Sembako,kg,29000,28400,5,27650,25,25500,0,10,
8991001000170,Telur Ayam Kampung,Sembako,pcs,2500,2400,3,2300,12,2100,0,10,
8991001000187,Telur Bebek,Sembako,pcs,3500,3350,3,3200,12,2950,0,10,
8991001000194,Tepung Terigu Segitiga Biru 1 kg,Sembako,pcs,14000,13400,3,12850,12,11750,0,10,
8991001000200,Tepung Terigu Cakra Kembar 1 kg,Sembako,pcs,15000,14400,3,13800,12,12600,0,10,
8991001000217,Tepung Terigu Kunci Biru 1 kg,Sembako,pcs,13500,12950,3,12400,12,11350,0,10,
8991001000224,Tepung Beras Rose Brand 500 g,Sembako,pcs,8500,8150,3,7800,12,7150,0,10,
8991001000231,Tepung Tapioka Rose Brand 500 g,Sembako,pcs,7500,7200,3,6900,12,6300,0,10,
8991001000248,Sajiku Tepung Bumbu 80 g,Sembako,pcs,3000,2850,3,2750,12,2500,0,10,
8991001000255,Kobe Tepung Bumbu Serbaguna 75 g,Sembako,pcs,3000,2850,3,2750,12,2500,0,10,
8991001000262,Indomie Goreng 85 g,Sembako,pcs,3500,3300,5,3150,40,2950,0,40,
8991001000279,Indomie Soto Mie 70 g,Sembako,pcs,3200,3000,5,2850,40,2700,0,40,
8991001000286,Indomie Ayam Bawang 69 g,Sembako,pcs,3200,3000,5,2850,40,2700,0,40,
8991001000293,Indomie Kari Ayam 72 g,Sembako,pcs,3400,3200,5,3050,40,2850,0,40,
8991001000309,Indomie Rendang 91 g,Sembako,pcs,3700,3500,5,3300,40,3100,0,40,
8991001000316,Indomie Goreng Aceh 90 g,Sembako,pcs,3700,3500,5,3300,40,3100,0,40,
8991001000323,Indomie Goreng Jumbo 129 g,Sembako,pcs,4500,4250,5,4050,40,3800,0,40,
8991001000330,Mie Sedaap Goreng 90 g,Sembako,pcs,3500,3300,5,3150,40,2950,0,40,
8991001000347,Mie Sedaap Soto 75 g,Sembako,pcs,3200,3000,5,2850,40,2700,0,40,
8991001000354,Mie Sedaap Kari Spesial 87 g,Sembako,pcs,3400,3200,5,3050,40,2850,0,40,
8991001000361,Mie Sedaap Korean Spicy Chicken,Sembako,pcs,4500,4250,5,4050,40,3800,0,40,
8991001000378,Sarimi Isi 2 Ayam Kecap,Sembako,pcs,4000,3800,5,3600,40,3350,0,40,
8991001000385,Supermi Ayam Bawang 75 g,Sembako,pcs,3000,2850,5,2700,40,2500,0,40,
8991001000392,Pop Mie Rasa Ayam 75 g,Sembako,pcs,6000,5750,3,5500,12,5050,0,10,
8991001000408,Pop Mie Rasa Baso 75 g,Sembako,pcs,6000,5750,3,5500,12,5050,0,10,
8991001000415,Mie Telur Cap 3 Ayam 200 g,Sembako,pcs,5500,5250,3,5050,12,4600,0,10,
8991001000422,Bihun Jagung Padamu 175 g,Sembako,pcs,5000,4800,3,4600,12,4200,0,10,
8991001000439,Garam Refina 250 g,Sembako,pcs,3500,3350,3,3200,12,2950,0,10,
8991001000446,Garam Dapur Cap Kapal 500 g,Sembako,pcs,3000,2850,3,2750,12,2500,0,10,
8991001000453,Royco Kaldu Ayam 8 g (isi 12),Sembako,renteng,6000,5850,3,5700,12,5200,0,5,
8991001000460,Masako Kaldu Ayam 9 g (isi 12),Sembako,renteng,6000,5850,3,5700,12,5200,0,5,
8991001000477,Masako Kaldu Sapi 9 g (isi 12),Sembako,renteng,6000,5850,3,5700,12,5200,0,5,
8991001000484,Sasa Penyedap 100 g,Sembako,pcs,5500,5250,3,5050,12,4600,0,10,
8991001000491,Ajinomoto 100 g,Sembako,pcs,6000,5750,3,5500,12,5050,0,10,
8991001000507,Kecap Manis Bango 220 ml,Sembako,pcs,11000,10550,3,10100,12,9250,0,10,
8991001000514,Kecap Manis Bango 520 ml,Sembako,pcs,23000,22050,3,21150,12,19300,0,10,
8991001000521,Kecap Manis ABC 135 ml,Sembako,pcs,6500,6200,3,5950,12,5450,0,10,
8991001000538,Kecap Manis Sedaap 200 ml,Sembako,pcs,9000,8600,3,8250,12,7550,0,10,
8991001000545,Saus Sambal ABC 135 ml,Sembako,pcs,8500,8150,3,7800,12,7150,0,10,
8991001000552,Saus Sambal Indofood 135 ml,Sembako,pcs,8000,7650,3,7350,12,6700,0,10,
8991001000569,Saus Tomat ABC 135 ml,Sembako,pcs,7500,7200,3,6900,12,6300,0,10,
8991001000576,Terasi Udang ABC 4 g (isi 10),Sembako,renteng,5000,4900,3,4750,12,4350,0,5,
8991001000583,Bumbu Racik Nasi Goreng Indofood,Sembako,pcs,3000,2850,3,2750,12,2500,0,10,
2009000000087,Bawang Merah,Sembako,kg,38000,37200,5,36250,25,33450,0,10,
2009000000094,Bawang Putih,Sembako,kg,34000,33300,5,32450,25,29900,0,10,
2009000000100,Cabai Rawit Merah,Sembako,kg,60000,58800,5,57300,25,52800,0,10,
8991001000590,Ladaku Merica Bubuk 4 g (isi 10),Sembako,renteng,5000,4900,3,4750,12,4350,0,5,
8991001000606,Desaku Ketumbar Bubuk 4 g (isi 10),Sembako,renteng,5000,4900,3,4750,12,4350,0,5,
8991001000613,Santan Kara 65 ml,Sembako,pcs,3800,3600,3,3450,12,3200,0,10,
8991001000620,Santan Sasa 65 ml,Sembako,pcs,3500,3350,3,3200,12,2950,0,10,
8991001000637,Susu Kental Manis Frisian Flag 370 g,Sembako,pcs,13500,12950,3,12400,12,11350,0,10,
8991001000644,Susu Kental Manis Indomilk 370 g,Sembako,pcs,12500,12000,3,11500,12,10500,0,10,
8991001000651,Susu Kental Manis Frisian Flag Sachet (isi 6),Sembako,renteng,9500,9300,3,9000,12,8250,0,5,
8991001000668,Margarin Blue Band 200 g,Sembako,pcs,10500,10050,3,9650,12,8800,0,10,
8991001000675,Margarin Palmia 200 g,Sembako,pcs,8500,8150,3,7800,12,7150,0,10,
2009000000117,Kacang Hijau Curah,Sembako,kg,26000,25450,5,24800,25,22900,0,10,
2009000000124,Kacang Tanah Curah,Sembako,kg,32000,31350,5,30550,25,28150,0,10,
8991001000682,Sarden ABC Saus Tomat 155 g,Sembako,pcs,11000,10550,3,10100,12,9250,0,10,
8991001000699,Sarden Botan 155 g,Sembako,pcs,11500,11000,3,10550,12,9650,0,10,
8991001000705,Kornet Sapi Pronas 198 g,Sembako,pcs,25000,24000,3,23000,12,21000,0,10,
8992002000015,Aqua Air Mineral 330 ml,Minuman,pcs,3000,2800,6,2600,24,2400,0,24,
8992002000022,Aqua Air Mineral 600 ml,Minuman,pcs,4000,3750,6,3500,24,3200,0,24,
8992002000039,Aqua Air Mineral 1500 ml,Minuman,pcs,7000,6550,6,6150,24,5600,0,24,
8992002000046,Le Minerale 600 ml,Minuman,pcs,4000,3750,6,3500,24,3200,0,24,
8992002000053,Le Minerale 1500 ml,Minuman,pcs,6500,6100,6,5700,24,5200,0,24,
8992002000060,Club Air Mineral 600 ml,Minuman,pcs,3000,2800,6,2600,24,2400,0,24,
8992002000077,Teh Pucuk Harum 350 ml,Minuman,pcs,4000,3750,6,3500,24,3200,0,24,
8992002000084,Teh Botol Sosro 450 ml,Minuman,pcs,5500,5150,6,4800,24,4400,0,24,
8992002000091,Teh Kotak Jasmine 300 ml,Minuman,pcs,4500,4200,6,3950,24,3600,0,24,
8992002000107,Fruit Tea Blackcurrant 500 ml,Minuman,pcs,6000,5600,6,5250,24,4800,0,24,
8992002000114,Frestea Jasmine 500 ml,Minuman,pcs,5500,5150,6,4800,24,4400,0,24,
8992002000121,Teh Gelas Original 170 ml,Minuman,pcs,1500,1400,6,1300,24,1200,0,24,
8992002000138,Coca-Cola 390 ml,Minuman,pcs,6500,6100,6,5700,24,5200,0,24,
8992002000145,Sprite 390 ml,Minuman,pcs,6500,6100,6,5700,24,5200,0,24,
8992002000152,Fanta Stroberi 390 ml,Minuman,pcs,6500,6100,6,5700,24,5200,0,24,
8992002000169,Pocari Sweat 500 ml,Minuman,pcs,8000,7500,6,7000,24,6400,0,24,
8992002000176,Mizone Lychee Lemon 500 ml,Minuman,pcs,6000,5600,6,5250,24,4800,0,24,
8992002000183,Minute Maid Pulpy Orange 300 ml,Minuman,pcs,7000,6550,6,6150,24,5600,0,24,
8992002000190,Floridina Orange 360 ml,Minuman,pcs,4000,3750,6,3500,24,3200,0,24,
8992002000206,Ale-Ale Jeruk 200 ml,Minuman,pcs,1500,1400,6,1300,24,1200,0,24,
8992002000213,Kapal Api Special Mix 10x24 g,Minuman,renteng,14500,14200,3,13750,12,12600,0,5,
8992002000220,Kopi Kapal Api Special 165 g,Minuman,pcs,14500,13600,6,12750,24,11600,0,24,
8992002000237,Kopi ABC Susu 10x31 g,Minuman,renteng,15000,14700,3,14250,12,13050,0,5,
8992002000244,Good Day Cappuccino 10x25 g,Minuman,renteng,17000,16650,3,16150,12,14800,0,5,
8992002000251,Good Day Mocacinno 10x20 g,Minuman,renteng,16500,16150,3,15650,12,14350,0,5,
8992002000268,Luwak White Koffie 10x20 g,Minuman,renteng,15500,15150,3,14700,12,13500,0,5,
8992002000275,Torabika Cappuccino 10x25 g,Minuman,renteng,17500,17150,3,16600,12,15200,0,5,
8992002000282,Indocafe Coffeemix 10x20 g,Minuman,renteng,14500,14200,3,13750,12,12600,0,5,
8992002000299,Nescafe Classic 10x2 g,Minuman,renteng,12000,11750,3,11400,12,10450,0,5,
8992002000305,TOP Kopi Susu 10x25 g,Minuman,renteng,12500,12250,3,11850,12,10900,0,5,
8992002000312,Teh Celup Sariwangi isi 25,Minuman,pcs,7000,6550,6,6150,24,5600,0,24,
8992002000329,Teh Celup Tong Tji isi 25,Minuman,pcs,8500,7950,6,7450,24,6800,0,24,
8992002000336,Teh Celup Sosro isi 30,Minuman,pcs,8000,7500,6,7000,24,6400,0,24,
8992002000343,Milo Sachet 10x22 g,Minuman,renteng,17000,16650,3,16150,12,14800,0,5,
8992002000350,Energen Coklat 10x30 g,Minuman,renteng,16000,15650,3,15200,12,13900,0,5,
8992002000367,Energen Vanila 10x30 g,Minuman,renteng,16000,15650,3,15200,12,13900,0,5,
8992002000374,Nutrisari Jeruk Peras 10x14 g,Minuman,renteng,12000,11750,3,11400,12,10450,0,5,
8992002000381,Pop Ice Coklat 10x25 g,Minuman,renteng,10000,9800,3,9500,12,8700,0,5,
8992002000398,Dancow Fortigro Instant 800 g,Minuman,pcs,105000,103400,2,101300,5,94500,0,3,
8992002000404,Bear Brand Susu Steril 189 ml,Minuman,pcs,10500,9850,6,9200,24,8400,0,24,
8992002000411,Ultra Milk Coklat 250 ml,Minuman,pcs,7000,6550,6,6150,24,5600,0,24,
8992002000428,Ultra Milk Full Cream 1 L,Minuman,pcs,20000,18800,6,17600,24,16000,0,24,
8992002000435,Indomilk Kotak Coklat 190 ml,Minuman,pcs,4500,4200,6,3950,24,3600,0,24,
8992002000442,Frisian Flag UHT Coklat 225 ml,Minuman,pcs,6000,5600,6,5250,24,4800,0,24,
8992002000459,Yakult isi 5,Minuman,pcs,11000,10300,6,9650,24,8800,0,24,
8992002000466,Cimory Yogurt Drink 250 ml,Minuman,pcs,9500,8900,6,8350,24,7600,0,24,
8992002000473,Kratingdaeng 150 ml,Minuman,pcs,7000,6550,6,6150,24,5600,0,24,
8992002000480,Extra Joss 6x4 g,Minuman,renteng,12000,11750,3,11400,12,10450,0,5,
8992002000497,Hemaviton Jreng 6x4 g,Minuman,renteng,12000,11750,3,11400,12,10450,0,5,
8992002000503,Adem Sari Chingku 350 ml,Minuman,pcs,7000,6550,6,6150,24,5600,0,24,
8992002000510,Marjan Sirup Cocopandan 460 ml,Minuman,pcs,23000,21600,6,20200,24,18400,0,24,
8992002000527,ABC Sirup Squash Jeruk 460 ml,Minuman,pcs,22000,20650,6,19350,24,17600,0,24,
8993003000011,Gudang Garam Surya 12,Rokok,pcs,27000,26700,5,26300,10,25100,0,10,
8993003000028,Gudang Garam Surya 16,Rokok,pcs,34500,34150,5,33600,10,32100,0,10,
8993003000035,Gudang Garam Filter International 12,Rokok,pcs,24500,24250,5,23850,10,22800,0,10,
8993003000042,Gudang Garam Merah 12,Rokok,pcs,20000,19800,5,19500,10,18600,0,10,
8993003000059,Sampoerna A Mild 16,Rokok,pcs,34000,33650,5,33150,10,31600,0,10,
8993003000066,Sampoerna A Mild 12,Rokok,pcs,26000,25700,5,25350,10,24200,0,10,
8993003000073,Sampoerna Kretek 12,Rokok,pcs,17500,17300,5,17050,10,16300,0,10,
8993003000080,Sampoerna U Mild 16,Rokok,pcs,26000,25700,5,25350,10,24200,0,10,
8993003000097,Dji Sam Soe Kretek 12,Rokok,pcs,22000,21750,5,21450,10,20450,0,10,
8993003000103,Dji Sam Soe Magnum Filter 12,Rokok,pcs,27000,26700,5,26300,10,25100,0,10,
8993003000110,Djarum Super 12,Rokok,pcs,26500,26200,5,25800,10,24650,0,10,
8993003000127,Djarum Super MLD 16,Rokok,pcs,31000,30650,5,30200,10,28850,0,10,
8993003000134,Djarum 76 Kretek 12,Rokok,pcs,17500,17300,5,17050,10,16300,0,10,
8993003000141,Djarum Coklat 12,Rokok,pcs,16500,16300,5,16050,10,15350,0,10,
8993003000158,LA Lights 16,Rokok,pcs,32000,31650,5,31200,10,29750,0,10,
8993003000165,LA Bold 20,Rokok,pcs,36500,36100,5,35550,10,33950,0,10,
8993003000172,Marlboro Merah 20,Rokok,pcs,42500,42050,5,41400,10,39500,0,10,
8993003000189,Marlboro Filter Black 20,Rokok,pcs,37500,37100,5,36550,10,34900,0,10,
8993003000196,Marlboro Ice Burst 16,Rokok,pcs,38000,37600,5,37050,10,35350,0,10,
8993003000202,Class Mild 16,Rokok,pcs,30000,29700,5,29250,10,27900,0,10,
8993003000219,Esse Change 16,Rokok,pcs,34000,33650,5,33150,10,31600,0,10,
8993003000226,Esse Mild 16,Rokok,pcs,31000,30650,5,30200,10,28850,0,10,
8993003000233,Magnum Filter 12,Rokok,pcs,27000,26700,5,26300,10,25100,0,10,
8993003000240,Dunhill Filter 16,Rokok,pcs,32500,32150,5,31650,10,30200,0,10,
8993003000257,Lucky Strike Filter 16,Rokok,pcs,30000,29700,5,29250,10,27900,0,10,
8993003000264,Camel Filter 16,Rokok,pcs,29500,29200,5,28750,10,27450,0,10,
8993003000271,Wismilak Diplomat 12,Rokok,pcs,23000,22750,5,22400,10,21400,0,10,
8993003000288,Sukun Kretek 12,Rokok,pcs,15000,14850,5,14600,10,13950,0,10,
8994004000017,Chitato Sapi Panggang 68 g,Snack,pcs,11500,11000,3,10550,12,9650,0,10,
8994004000024,Chitato Keju Supreme 68 g,Snack,pcs,11500,11000,3,10550,12,9650,0,10,
8994004000031,Lay's Rumput Laut 68 g,Snack,pcs,11500,11000,3,10550,12,9650,0,10,
8994004000048,Qtela Singkong Balado 60 g,Snack,pcs,8500,8150,3,7800,12,7150,0,10,
8994004000055,Qtela Tempe Original 55 g,Snack,pcs,8500,8150,3,7800,12,7150,0,10,
8994004000062,Taro Net Seaweed 65 g,Snack,pcs,7500,7200,3,6900,12,6300,0,10,
8994004000079,Cheetos Jagung Bakar 40 g,Snack,pcs,5500,5250,3,5050,12,4600,0,10,
8994004000086,Chiki Balls Keju 55 g,Snack,pcs,6500,6200,3,5950,12,5450,0,10,
8994004000093,Potabee BBQ 68 g,Snack,pcs,11000,10550,3,10100,12,9250,0,10,
8994004000109,Kusuka Keripik Singkong Balado 180 g,Snack,pcs,10000,9600,3,9200,12,8400,0,10,
8994004000116,Beng-Beng 20 g,Snack,pcs,2500,2400,3,2300,12,2100,0,10,
8994004000123,SilverQueen Almond 58 g,Snack,pcs,16500,15800,3,15150,12,13850,0,10,
8994004000130,Cadbury Dairy Milk 62 g,Snack,pcs,15000,14400,3,13800,12,12600,0,10,
8994004000147,TOP Coklat 9 g,Snack,pcs,2000,1900,3,1800,12,1700,0,10,
8994004000154,Oreo Vanilla 133 g,Snack,pcs,9500,9100,3,8700,12,8000,0,10,
8994004000161,Oreo Chocolate Cream 133 g,Snack,pcs,9500,9100,3,8700,12,8000,0,10,
8994004000178,Roma Kelapa 300 g,Snack,pcs,11000,10550,3,10100,12,9250,0,10,
8994004000185,Roma Malkist Crackers 105 g,Snack,pcs,6500,6200,3,5950,12,5450,0,10,
8994004000192,Biskuat Coklat 134 g,Snack,pcs,6500,6200,3,5950,12,5450,0,10,
8994004000208,Tango Wafer Coklat 130 g,Snack,pcs,9500,9100,3,8700,12,8000,0,10,
8994004000215,Nabati Richeese Wafer 50 g,Snack,pcs,2500,2400,3,2300,12,2100,0,10,
8994004000222,Good Time Chocochips 72 g,Snack,pcs,8000,7650,3,7350,12,6700,0,10,
8994004000239,Chocolatos Wafer Roll 24 g,Snack,pcs,2000,1900,3,1800,12,1700,0,10,
8994004000246,Gery Saluut Malkist Coklat 100 g,Snack,pcs,5500,5250,3,5050,12,4600,0,10,
8994004000253,Better Vanilla 100 g,Snack,pcs,5500,5250,3,5050,12,4600,0,10,
8994004000260,Kacang Garuda Kulit 200 g,Snack,pcs,15000,14400,3,13800,12,12600,0,10,
8994004000277,Kacang Atom Garuda 100 g,Snack,pcs,7500,7200,3,6900,12,6300,0,10,
8994004000284,Sukro Kacang Oven 100 g,Snack,pcs,6500,6200,3,5950,12,5450,0,10,
8994004000291,Pilus Garuda Tic Tac 95 g,Snack,pcs,5500,5250,3,5050,12,4600,0,10,
8994004000307,Momogi Jagung Bakar 8 g,Snack,pcs,1000,950,3,900,12,850,0,10,
8994004000314,Tos Tos Nacho Cheese 140 g,Snack,pcs,10000,9600,3,9200,12,8400,0,10,
8994004000321,Kerupuk Udang Finna 100 g,Snack,pcs,9000,8600,3,8250,12,7550,0,10,
8994004000338,Sari Roti Tawar Kupas,Snack,pcs,22000,21100,3,20200,12,18500,0,10,
8994004000345,Sari Roti Sobek Coklat,Snack,pcs,16000,15350,3,14700,12,13450,0,10,
8994004000352,Sari Roti Sandwich Coklat,Snack,pcs,5500,5250,3,5050,12,4600,0,10,
8994004000369,Roti Aoka Coklat,Snack,pcs,3000,2850,3,2750,12,2500,0,10,
8994004000376,Permen Kopiko 150 g,Snack,pcs,10000,9600,3,9200,12,8400,0,10,
8994004000383,Permen Relaxa 125 g,Snack,pcs,8000,7650,3,7350,12,6700,0,10,
8994004000390,Permen Milkita 30 pcs,Snack,pcs,10000,9600,3,9200,12,8400,0,10,
8994004000406,Mentos Mint Roll,Snack,pcs,3000,2850,3,2750,12,2500,0,10,
8994004000413,Yupi Gummy 20 g,Snack,pcs,3000,2850,3,2750,12,2500,0,10,
8994004000420,Selai Morin Strawberry 150 g,Snack,pcs,20000,19200,3,18400,12,16800,0,10,
8995005000013,Sabun Mandi Lifebuoy Merah 110 g,Toiletries,pcs,5000,4800,3,4600,12,4200,0,10,
8995005000020,Lifebuoy Body Wash Refill 450 ml,Toiletries,pcs,25000,24000,3,23000,12,21000,0,10,
8995005000037,Sabun Lux Batang 110 g,Toiletries,pcs,5000,4800,3,4600,12,4200,0,10,
8995005000044,Sabun Giv Batang 76 g,Toiletries,pcs,3500,3350,3,3200,12,2950,0,10,
8995005000051,Sabun Nuvo Batang 72 g,Toiletries,pcs,3500,3350,3,3200,12,2950,0,10,
8995005000068,Sabun Dettol Batang 105 g,Toiletries,pcs,6500,6200,3,5950,12,5450,0,10,
8995005000075,Biore Body Foam Refill 450 ml,Toiletries,pcs,26000,24950,3,23900,12,21850,0,10,
8995005000082,Sunsilk Black Shine 170 ml,Toiletries,pcs,26000,24950,3,23900,12,21850,0,10,
8995005000099,Sunsilk Sachet (isi 12),Toiletries,renteng,6000,5850,3,5700,12,5200,0,5,
8995005000105,Pantene Sachet (isi 12),Toiletries,renteng,7000,6850,3,6650,12,6100,0,5,
8995005000112,Clear Men Sachet (isi 12),Toiletries,renteng,7500,7350,3,7100,12,6500,0,5,
8995005000129,Lifebuoy Shampoo 170 ml,Toiletries,pcs,22000,21100,3,20200,12,18500,0,10,
8995005000136,Pepsodent 190 g,Toiletries,pcs,13500,12950,3,12400,12,11350,0,10,
8995005000143,Pepsodent 75 g,Toiletries,pcs,6500,6200,3,5950,12,5450,0,10,
8995005000150,Ciptadent 190 g,Toiletries,pcs,10000,9600,3,9200,12,8400,0,10,
8995005000167,Close Up 160 g,Toiletries,pcs,14000,13400,3,12850,12,11750,0,10,
8995005000174,Formula Pasta Gigi 190 g,Toiletries,pcs,12000,11500,3,11000,12,10100,0,10,
8995005000181,Sikat Gigi Formula Soft,Toiletries,pcs,5000,4800,3,4600,12,4200,0,10,
8995005000198,Rinso Anti Noda 770 g,Toiletries,pcs,24000,23000,3,22050,12,20150,0,10,
8995005000204,Rinso Cair 800 ml,Toiletries,pcs,18000,17250,3,16550,12,15100,0,10,
8995005000211,Rinso Sachet (isi 6),Toiletries,renteng,12000,11750,3,11400,12,10450,0,5,
8995005000228,So Klin Pembersih Lantai 800 ml,Toiletries,pcs,12500,12000,3,11500,12,10500,0,10,
8995005000235,So Klin Softergent 770 g,Toiletries,pcs,21000,20150,3,19300,12,17650,0,10,
8995005000242,Daia Deterjen Putih 850 g,Toiletries,pcs,20000,19200,3,18400,12,16800,0,10,
8995005000259,Attack Easy 800 g,Toiletries,pcs,22000,21100,3,20200,12,18500,0,10,
8995005000266,Sunlight Jeruk Nipis 755 ml,Toiletries,pcs,18500,17750,3,17000,12,15550,0,10,
8995005000273,Sunlight Jeruk Nipis 210 ml,Toiletries,pcs,5000,4800,3,4600,12,4200,0,10,
8995005000280,Mama Lemon 780 ml,Toiletries,pcs,17000,16300,3,15600,12,14300,0,10,
8995005000297,Molto Pewangi Refill 800 ml,Toiletries,pcs,21000,20150,3,19300,12,17650,0,10,
8995005000303,Molto Sachet (isi 6),Toiletries,renteng,7000,6850,3,6650,12,6100,0,5,
8995005000310,Downy Pewangi Refill 720 ml,Toiletries,pcs,28000,26850,3,25750,12,23500,0,10,
8995005000327,Wipol Karbol 780 ml,Toiletries,pcs,13500,12950,3,12400,12,11350,0,10,
8995005000334,Harpic Pembersih Kloset 450 ml,Toiletries,pcs,17000,16300,3,15600,12,14300,0,10,
8995005000341,Bayclin Pemutih 500 ml,Toiletries,pcs,9500,9100,3,8700,12,8000,0,10,
8995005000358,Vixal Pembersih Porselen 780 ml,Toiletries,pcs,13000,12450,3,11950,12,10900,0,10,
8995005000365,Stella Pengharum Ruangan 70 g,Toiletries,pcs,11000,10550,3,10100,12,9250,0,10,
8995005000372,Softex Daun Sirih 20 pcs,Toiletries,pcs,11500,11000,3,10550,12,9650,0,10,
8995005000389,Charm Extra Maxi 10 pcs,Toiletries,pcs,12000,11500,3,11000,12,10100,0,10,
8995005000396,Laurier Relax Night 8 pcs,Toiletries,pcs,10500,10050,3,9650,12,8800,0,10,
8995005000402,MamyPoko Pants M 20 pcs,Toiletries,pcs,55000,54150,2,53050,5,49500,0,3,
8995005000419,Sweety Silver Pants L 20 pcs,Toiletries,pcs,52000,51200,2,50150,5,46800,0,3,
8995005000426,Rexona Men Roll On 50 ml,Toiletries,pcs,19000,18200,3,17450,12,15950,0,10,
8995005000433,Marina Hand Body Lotion 200 ml,Toiletries,pcs,13000,12450,3,11950,12,10900,0,10,
8995005000440,Citra Hand Body Lotion 230 ml,Toiletries,pcs,17000,16300,3,15600,12,14300,0,10,
8995005000457,Zwitsal Baby Oil 100 ml,Toiletries,pcs,18000,17250,3,16550,12,15100,0,10,
8995005000464,Minyak Telon Konicare 60 ml,Toiletries,pcs,17000,16300,3,15600,12,14300,0,10,
8995005000471,Minyak Kayu Putih Cap Lang 60 ml,Toiletries,pcs,22500,21600,3,20700,12,18900,0,10,
8995005000488,Tissue Paseo 250 Sheets,Toiletries,pcs,15500,14850,3,14250,12,13000,0,10,
8995005000495,Tissue Nice 180 Sheets,Toiletries,pcs,9000,8600,3,8250,12,7550,0,10,
8995005000501,Tissue Basah Mitu 50 pcs,Toiletries,pcs,13000,12450,3,11950,12,10900,0,10,
8995005000518,Sabun Colek Ekonomi 400 g,Toiletries,pcs,7000,6700,3,6400,12,5900,0,10,
8996006000019,Gas LPG 3 kg (Isi Ulang),Gas & Air,pcs,22000,0,0,0,0,18900,0,5,
8996006000026,"Bright Gas 5,5 kg (Isi Ulang)",Gas & Air,pcs,98000,0,0,0,0,84300,0,5,
8996006000033,Gas LPG 12 kg (Isi Ulang),Gas & Air,pcs,205000,0,0,0,0,176300,0,5,
8996006000040,Tabung LPG 3 kg + Isi (Baru),Gas & Air,pcs,180000,0,0,0,0,154800,0,5,
8996006000057,Aqua Galon 19 L (Isi Ulang),Gas & Air,pcs,21000,0,0,0,0,18050,0,5,
8996006000064,Le Minerale Galon 15 L (Isi Ulang),Gas & Air,pcs,20000,0,0,0,0,17200,0,5,
8996006000071,Club Galon 19 L (Isi Ulang),Gas & Air,pcs,17000,0,0,0,0,14600,0,5,
8996006000088,Cleo Galon 19 L (Isi Ulang),Gas & Air,pcs,20000,0,0,0,0,17200,0,5,
8996006000095,Vit Galon 19 L (Isi Ulang),Gas & Air,pcs,17000,0,0,0,0,14600,0,5,
8996006000101,Air Isi Ulang Depot per Galon,Gas & Air,pcs,6000,0,0,0,0,5150,0,5,
8996006000118,Galon Kosong Aqua (Jaminan),Gas & Air,pcs,45000,0,0,0,0,38700,0,5,
8997007000015,Korek Api Gas Tokai,Lainnya,pcs,3000,2850,3,2750,12,2500,0,10,
8997007000022,Korek Api Kayu Cap Tiga (isi 10),Lainnya,pcs,5000,4800,3,4600,12,4200,0,10,
8997007000039,Lilin Batang Kecil (isi 10),Lainnya,pcs,5000,4800,3,4600,12,4200,0,10,
8997007000046,Baterai ABC AA isi 2,Lainnya,pcs,7000,6700,3,6400,12,5900,0,10,
8997007000053,Baterai ABC Alkaline AA isi 2,Lainnya,pcs,15000,14400,3,13800,12,12600,0,10,
8997007000060,Baterai ABC AAA isi 2,Lainnya,pcs,7000,6700,3,6400,12,5900,0,10,
8997007000077,Obat Nyamuk Bakar Baygon (isi 10),Lainnya,pcs,7500,7200,3,6900,12,6300,0,10,
8997007000084,HIT Aerosol 600 ml,Lainnya,pcs,36000,34550,3,33100,12,30250,0,10,
8997007000091,Autan Lotion Sachet (isi 6),Lainnya,renteng,6000,5850,3,5700,12,5200,0,5,
8997007000107,Tolak Angin Cair Sachet,Lainnya,pcs,4000,3800,3,3650,12,3350,0,10,
8997007000114,Antangin JRG Sachet,Lainnya,pcs,4000,3800,3,3650,12,3350,0,10,
8997007000121,Bodrex Strip 4 Tablet,Lainnya,pcs,3000,2850,3,2750,12,2500,0,10,
8997007000138,Paramex Strip 4 Tablet,Lainnya,pcs,3000,2850,3,2750,12,2500,0,10,
8997007000145,Promag Strip 12 Tablet,Lainnya,pcs,10000,9600,3,9200,12,8400,0,10,
8997007000152,Mixagrip Flu Strip 4 Kaplet,Lainnya,pcs,3000,2850,3,2750,12,2500,0,10,
8997007000169,Panadol Biru Strip 10 Kaplet,Lainnya,pcs,12500,12000,3,11500,12,10500,0,10,
8997007000176,Oskadon Strip 4 Tablet,Lainnya,pcs,3000,2850,3,2750,12,2500,0,10,
8997007000183,Diapet Strip 4 Kapsul,Lainnya,pcs,5000,4800,3,4600,12,4200,0,10,
8997007000190,Balsem Geliga 20 g,Lainnya,pcs,11000,10550,3,10100,12,9250,0,10,
8997007000206,Koyo Cabe Hansaplast,Lainnya,pcs,5000,4800,3,4600,12,4200,0,10,
8997007000213,Kantong Plastik Kresek Hitam 15,Lainnya,pcs,7000,6700,3,6400,12,5900,0,10,
8997007000220,Plastik Klip Ukuran Sedang (isi 100),Lainnya,pcs,8000,7650,3,7350,12,6700,0,10,
8997007000237,Karet Gelang 100 g,Lainnya,pcs,6000,5750,3,5500,12,5050,0,10,
8997007000244,Sedotan Plastik (isi 100),Lainnya,pcs,5000,4800,3,4600,12,4200,0,10,
8997007000251,Kertas Nasi Coklat (isi 100),Lainnya,pcs,12000,11500,3,11000,12,10100,0,10,
8997007000268,Sendok Plastik (isi 50),Lainnya,pcs,5000,4800,3,4600,12,4200,0,10,
8997007000275,Gelas Plastik Cup 16 oz (isi 50),Lainnya,pcs,10000,9600,3,9200,12,8400,0,10,
8997007000282,Pulpen Standard AE7,Lainnya,pcs,2500,2400,3,2300,12,2100,0,10,
8997007000299,Buku Tulis Sidu 38 Lembar,Lainnya,pcs,4000,3800,3,3650,12,3350,0,10,
8997007000305,Lem Castol 30 g,Lainnya,pcs,3000,2850,3,2750,12,2500,0,10,
8997007000312,Isolasi Bening Nachi,Lainnya,pcs,5000,4800,3,4600,12,4200,0,10,
8997007000329,Kapur Barus Bagus (isi 6),Lainnya,pcs,5000,4800,3,4600,12,4200,0,10,
8997007000336,Obat Nyamuk Semprot Baygon 600 ml,Lainnya,pcs,38000,36450,3,34950,12,31900,0,10,
8997007000343,Spons Cuci Piring Scotch-Brite,Lainnya,pcs,5000,4800,3,4600,12,4200,0,10,
